EST,Max TemperatureF,Mean TemperatureF,Min TemperatureF,Max Dew PointF,MeanDew PointF,Min DewpointF,Max Humidity, Mean Humidity, Min Humidity, Max Sea Level PressureIn, Mean Sea Level PressureIn, Min Sea Level PressureIn, Max VisibilityMiles, Mean VisibilityMiles, Min VisibilityMiles, Max Wind SpeedMPH, Mean Wind SpeedMPH, Max Gust SpeedMPH,PrecipitationIn, CloudCover, Events, WindDirDegrees
2015-1-1,42,34,26,19,10,5,50,36,25,30.22,30.13,30.04,10,10,10,20,11,29,0.00,0,,240
2015-1-2,44,36,28,19,17,15,64,45,34,30.46,30.28,30.08,10,10,10,14,7,22,0.00,0,,268
2015-1-3,43,34,25,40,32,18,89,80,54,30.58,30.38,30.07,10,4,1,9,5,,0.81,7,Rain,53
2015-1-4,59,51,43,52,43,32,89,82,48,30.06,29.91,29.70,10,5,0,20,5,31,0.38,7,Fog-Rain,243
2015-1-5,48,36,24,29,10,-2,49,36,25,30.46,30.22,29.90,10,10,10,24,18,37,0.00,2,,295
2015-1-6,23,21,19,16,12,1,80,69,40,30.46,30.27,30.09,10,4,0,7,4,,0.09,6,Snow,242
2015-1-7,25,18,12,13,2,-10,77,48,29,30.36,30.12,29.98,10,9,2,26,11,38,0.00,2,Snow,294
2015-1-8,19,14,9,2,-4,-11,51,41,36,30.51,30.42,30.25,10,10,10,17,11,29,0.00,0,,264
2015-1-9,36,28,21,13,7,2,56,40,33,30.29,30.13,30.04,10,10,5,24,14,38,0.00,4,Snow,257
2015-1-10,23,20,16,3,-2,-6,50,39,28,30.64,30.52,30.31,10,10,10,15,9,22,0.00,0,,279
2015-1-11,39,28,18,19,10,-1,60,44,29,30.72,30.63,30.51,10,10,10,15,4,21,0.00,1,,216
2015-1-12,39,37,35,37,32,18,97,82,45,30.51,30.25,30.14,10,4,1,9,3,,0.60,8,Rain,294
2015-1-13,37,28,19,28,14,1,68,51,37,30.63,30.48,30.26,10,10,10,18,14,30,0.00,3,,13
2015-1-14,32,26,19,18,12,2,61,56,47,30.56,30.38,30.22,10,10,10,15,10,,0.00,7,,25
2015-1-15,37,32,28,22,18,15,67,58,46,30.20,30.12,29.98,10,9,5,10,5,,0.00,6,,297
2015-1-16,44,34,24,21,16,3,69,50,35,30.28,30.00,29.90,10,10,7,23,11,34,0.00,2,,286
2015-1-17,33,24,16,13,3,-5,65,40,19,30.45,30.36,30.25,10,10,10,10,6,21,0.00,0,,38
2015-1-18,43,34,24,41,32,14,96,83,65,30.23,29.90,29.73,10,4,0,10,5,,2.08,7,Fog-Rain,20
2015-1-19,45,40,34,28,25,22,76,56,45,29.95,29.90,29.82,10,10,9,20,10,32,0.00,6,,277
2015-1-20,46,39,32,31,26,23,82,64,46,30.09,29.97,29.92,10,8,4,12,6,,0.03,3,Rain,289
2015-1-21,33,30,27,26,21,11,82,70,46,30.19,30.16,30.09,10,6,1,10,4,,0.04,6,Snow,41
2015-1-22,41,36,30,30,26,20,80,70,57,30.37,30.26,30.18,10,7,2,12,4,,0.00,7,,304
2015-1-23,37,29,21,30,24,16,87,74,62,30.39,30.18,29.97,10,6,1,7,2,,0.10,4,Rain-Snow,169
2015-1-24,39,36,33,32,30,23,87,80,59,29.95,29.60,29.34,10,4,0,15,8,,0.89,7,Fog-Rain-Snow,13
2015-1-25,45,40,34,31,26,19,68,59,50,29.99,29.82,29.61,10,10,9,16,11,24,0.00,5,,293
2015-1-26,30,28,26,23,20,18,75,72,64,29.99,29.87,29.71,10,5,1,22,15,32,0.03,8,Snow,49
2015-1-27,33,27,21,20,15,5,75,61,37,29.93,29.75,29.71,10,5,1,22,15,32,0.06,6,Snow,339
2015-1-28,34,26,19,5,1,-4,52,35,26,30.32,30.14,29.94,10,10,10,20,12,31,0.00,0,,320
2015-1-29,35,26,16,23,8,1,66,44,32,30.36,30.23,29.99,10,10,9,8,4,,0.00,4,,120
2015-1-30,41,31,19,26,21,1,79,61,38,30.13,29.98,29.88,10,8,0,26,10,43,0.01,7,Snow,309
2015-1-31,28,21,14,7,1,-4,47,41,33,30.28,30.22,30.15,10,10,10,20,15,30,0.00,0,,300
2015-2-1,39,31,23,28,19,8,82,56,39,30.27,30.15,29.95,10,8,1,12,6,,0.03,7,Snow,204
2015-2-2,37,29,19,33,27,5,87,78,50,30.04,29.60,29.43,10,5,1,39,10,48,1.17,7,Rain-Snow,23
2015-2-3,28,24,19,9,5,1,52,45,34,30.37,30.28,30.07,10,10,10,18,11,30,0.00,0,,293
2015-2-4,46,35,24,25,20,10,69,52,39,30.35,30.16,29.93,10,10,10,12,3,18,0.00,2,,196
2015-2-5,42,30,16,25,11,-7,69,47,25,30.30,30.07,29.86,10,9,2,28,13,38,0.00,4,Snow,333
2015-2-6,35,24,12,9,0,-5,55,37,23,30.33,30.25,30.15,10,10,10,20,7,24,0.00,2,,278
2015-2-7,46,34,21,18,12,7,69,42,20,30.21,30.11,29.99,10,10,10,12,3,18,0.00,4,,217
2015-2-8,48,40,33,35,29,19,86,68,48,29.97,29.90,29.83,10,6,0,12,6,,0.00,3,Fog,55
2015-2-9,36,32,28,33,26,22,89,81,75,30.04,29.95,29.88,10,6,1,18,13,23,0.00,8,Rain,55
2015-2-10,43,36,28,24,22,20,78,65,47,30.07,30.04,30.00,10,10,5,22,13,26,0.01,5,,23
2015-2-11,37,32,26,21,13,5,67,48,26,30.10,30.03,29.95,10,10,10,17,10,,0.00,1,,53
2015-2-12,41,32,21,28,17,2,73,53,30,30.00,29.85,29.76,10,9,6,22,7,36,0.00,6,,276
2015-2-13,23,16,9,1,-7,-10,50,35,23,30.26,30.19,30.05,10,10,10,25,16,34,0.00,0,,312
2015-2-14,32,24,15,25,17,2,82,66,42,30.15,29.68,29.50,10,5,0,25,6,40,0.08,7,Snow,225
2015-2-15,21,15,7,11,-4,-15,74,47,33,30.24,29.88,29.59,10,7,1,30,23,43,0.00,4,Snow,309
2015-2-16,17,10,3,4,-8,-15,61,42,36,30.32,30.23,30.09,10,9,2,21,13,30,0.00,2,Snow,296
2015-2-17,28,21,14,12,8,6,77,65,46,30.08,29.96,29.89,10,5,0,10,6,,0.25,5,Snow,3
2015-2-18,32,22,12,11,4,0,67,45,27,29.99,29.86,29.75,10,10,9,20,5,26,0.00,1,,267
2015-2-19,21,16,8,1,-6,-14,49,38,30,30.12,29.94,29.83,10,10,10,26,17,36,0.00,2,,291
2015-2-20,18,10,1,-7,-12,-17,48,37,31,30.54,30.36,30.15,10,10,10,20,13,31,0.00,0,,284
2015-2-21,34,20,5,29,15,-6,82,71,37,30.55,30.34,30.18,10,4,0,13,4,24,0.63,5,Rain-Snow,192
2015-2-22,45,40,34,31,30,26,89,77,53,30.26,30.18,30.13,10,4,2,9,3,,0.13,6,Rain,314
2015-2-23,37,24,12,22,4,-11,57,40,26,30.43,30.33,30.23,10,10,9,24,13,34,0.00,2,,336
2015-2-24,27,16,5,6,-6,-11,60,38,22,30.42,30.20,29.87,10,10,10,9,5,,0.00,0,,131
2015-2-25,37,26,14,19,12,5,74,52,37,30.01,29.91,29.79,10,10,10,20,5,25,0.00,0,,278
2015-2-26,30,28,24,19,12,6,67,51,40,30.17,30.02,29.92,10,10,9,18,10,,0.00,5,,27
2015-2-27,30,26,21,13,7,2,63,47,33,30.65,30.43,30.19,10,10,3,13,7,20,0.00,3,Snow,343
2015-2-28,30,22,15,6,-1,-4,55,37,23,30.87,30.79,30.67,10,10,10,10,6,,0.00,0,,343
2015-3-1,33,26,19,28,19,5,86,71,34,30.75,30.49,30.18,10,5,1,10,3,,0.29,7,Rain-Snow,164
2015-3-2,39,34,28,29,20,10,85,58,32,30.41,30.22,30.07,10,8,4,17,8,32,0.00,3,,290
2015-3-3,35,30,24,30,19,7,85,64,35,30.48,30.24,29.88,10,6,1,12,7,16,0.38,6,Rain-Snow,165
2015-3-4,46,40,35,40,36,31,87,83,73,29.96,29.90,29.80,6,3,0,10,6,,0.51,8,Fog-Rain,243
2015-3-5,41,31,19,29,19,7,96,81,57,30.43,30.16,29.95,10,2,0,17,9,25,0.58,8,Fog-Rain-Snow,344
2015-3-6,27,18,8,14,8,0,74,61,51,30.61,30.50,30.41,10,10,10,16,8,22,0.00,0,,326
2015-3-7,39,26,12,22,12,5,74,50,33,30.39,30.24,30.09,10,10,7,16,7,23,0.00,2,,235
2015-3-8,48,38,27,26,23,20,81,53,33,30.19,30.12,30.06,10,10,8,20,6,28,0.00,2,Rain,267
2015-3-9,57,44,33,32,28,24,70,54,32,30.29,30.21,30.16,10,10,8,16,3,23,0.00,3,,291
2015-3-10,59,46,34,48,40,26,89,73,42,30.32,30.18,30.01,10,6,1,10,2,,0.54,5,Rain,148
2015-3-11,60,53,46,47,42,32,90,71,44,30.17,30.02,29.95,10,7,0,14,6,18,0.09,4,Fog-Rain,278
2015-3-12,50,42,35,31,12,2,54,28,15,30.63,30.44,30.17,10,10,10,21,12,34,0.00,0,,340
2015-3-13,48,38,28,28,9,-1,58,30,21,30.68,30.56,30.40,10,10,10,8,5,,0.00,1,,108
2015-3-14,53,46,39,48,41,31,89,84,70,30.37,30.00,29.76,9,3,1,10,3,,0.80,8,Rain,338
2015-3-15,46,42,39,40,28,25,77,55,47,30.06,29.90,29.79,10,10,8,24,15,34,0.00,7,,305
2015-3-16,55,45,35,34,27,23,67,50,37,30.09,29.98,29.84,10,10,10,8,5,,0.00,1,,251
2015-3-17,64,50,37,42,29,6,63,44,24,30.01,29.74,29.61,10,10,9,26,9,41,0.00,2,,292
2015-3-18,45,38,32,10,5,0,40,27,16,30.21,30.10,30.01,10,10,10,23,15,36,0.00,0,,319
2015-3-19,45,34,24,16,7,1,58,34,17,30.39,30.33,30.23,10,10,10,15,4,21,0.00,0,,342
2015-3-20,35,34,32,30,27,15,85,78,48,30.35,30.23,30.11,10,3,0,16,8,23,0.67,7,Fog-Rain-Snow,71
2015-3-21,50,40,30,36,29,25,86,69,50,30.14,30.05,29.93,10,9,6,13,8,,0.00,6,,307
2015-3-22,46,40,33,31,14,6,54,35,22,30.18,30.09,29.99,10,10,10,21,11,25,0.00,0,,321
2015-3-23,43,34,25,11,8,5,46,35,27,30.30,30.25,30.20,10,10,10,14,8,22,0.00,1,,355
2015-3-24,42,36,30,16,8,4,52,33,26,30.42,30.36,30.29,10,10,10,10,6,,0.00,5,,357
2015-3-25,48,36,24,38,26,12,85,65,24,30.44,30.33,30.17,10,8,2,10,2,,0.14,5,Rain,81
2015-3-26,69,54,39,58,45,36,89,82,70,30.16,29.89,29.60,10,4,0,21,3,32,0.30,8,Fog-Rain,215
2015-3-27,48,44,39,43,32,22,82,63,42,29.82,29.78,29.72,10,9,6,16,11,24,0.27,7,Rain,348
2015-3-28,41,34,28,24,15,5,57,43,32,30.19,29.93,29.80,10,10,10,22,14,28,0.00,6,,335
2015-3-29,46,36,26,11,7,4,43,31,20,30.34,30.25,30.15,10,10,10,14,10,18,0.00,1,,302
2015-3-30,59,45,35,31,24,11,78,49,27,30.14,29.94,29.82,10,9,2,22,9,29,0.00,5,Snow,237
2015-3-31,53,44,36,34,27,19,83,58,27,29.94,29.83,29.70,10,9,4,17,7,,0.08,5,Rain,339
2015-4-1,55,44,33,30,23,19,76,46,24,30.25,30.09,29.89,10,10,10,16,11,29,0.08,0,,326
2015-4-2,66,50,33,35,28,23,70,42,24,30.30,30.16,29.96,10,10,10,22,6,32,0.00,0,,215
2015-4-3,64,62,57,58,54,36,90,76,39,29.93,29.79,29.65,10,5,0,14,7,22,0.10,7,Fog-Rain,213
2015-4-4,66,55,46,57,33,7,90,49,16,30.19,29.85,29.53,10,9,0,25,11,41,0.05,4,Fog-Rain,298
2015-4-5,64,53,42,25,20,16,40,27,18,30.26,30.20,30.14,10,10,10,21,11,36,0.00,0,,234
2015-4-6,75,56,39,42,31,21,70,40,14,30.31,30.23,30.13,10,10,10,18,7,28,0.00,0,,183
2015-4-7,71,58,46,52,45,40,81,65,46,30.30,30.21,30.14,10,9,4,22,10,28,0.02,8,Rain,140
2015-4-8,46,42,39,41,36,33,87,78,63,30.34,30.27,30.20,10,5,1,22,15,30,0.03,8,Rain,71
2015-4-9,44,42,39,37,36,35,87,81,73,30.33,30.27,30.21,10,6,2,15,10,,0.02,8,Rain,72
2015-4-10,59,50,41,52,43,37,87,82,72,30.21,29.97,29.81,10,4,1,15,8,21,0.04,7,,113
2015-4-11,63,54,46,43,29,22,63,38,24,30.25,30.04,29.89,10,10,10,21,11,29,0.00,0,,303
2015-4-12,68,51,36,33,25,19,67,37,17,30.38,30.32,30.26,10,10,10,10,3,17,0.00,0,,232
2015-4-13,75,60,44,48,40,31,71,49,32,30.39,30.28,30.17,10,10,10,16,5,26,0.00,0,,198
2015-4-14,64,60,54,56,43,26,80,56,24,30.21,30.15,30.10,10,9,5,14,8,20,0.06,6,Rain,325
2015-4-15,72,60,48,41,23,16,62,29,13,30.37,30.23,30.13,10,10,10,20,8,24,0.01,0,,345
2015-4-16,72,60,48,45,27,20,53,30,16,30.48,30.39,30.27,10,10,10,12,8,18,0.00,1,,111
2015-4-17,75,64,55,56,53,45,88,70,49,30.26,30.08,29.94,10,8,2,14,7,,0.18,7,Rain,232
2015-4-18,81,68,54,52,43,27,83,44,20,30.06,29.98,29.92,10,10,6,17,5,20,0.00,1,,310
2015-4-19,64,57,48,39,31,20,69,39,20,30.26,30.18,30.09,10,10,10,17,12,23,0.01,1,Rain,88
2015-4-20,75,60,48,62,54,41,87,79,64,30.05,29.74,29.56,10,6,0,22,13,33,2.21,7,Fog-Rain,69
2015-4-21,66,60,53,55,43,26,88,58,25,29.80,29.69,29.57,10,8,2,21,8,29,0.43,4,Rain,272
2015-4-22,72,58,46,47,38,31,74,56,25,29.82,29.72,29.58,10,9,2,28,7,48,0.08,3,Rain,245
2015-4-23,51,46,41,29,25,19,55,44,36,29.90,29.82,29.76,10,10,10,21,12,32,0.00,5,,291
2015-4-24,55,47,39,21,17,10,45,33,18,29.99,29.92,29.87,10,10,10,22,14,33,0.00,4,,316
2015-4-25,60,46,36,27,22,19,55,38,24,29.98,29.86,29.72,10,10,10,13,7,20,0.00,0,,286
2015-4-26,64,54,45,31,28,25,50,37,27,29.74,29.70,29.68,10,10,10,14,7,,0.00,2,,11
2015-4-27,62,52,44,33,30,25,52,41,31,29.80,29.74,29.71,10,10,10,17,9,24,0.00,6,,314
2015-4-28,72,60,48,38,35,33,64,41,26,29.86,29.81,29.76,10,10,10,22,12,30,0.00,3,,329
2015-4-29,77,66,54,42,38,34,53,37,22,29.81,29.73,29.65,10,10,10,14,8,22,0.00,2,,300
2015-4-30,66,57,48,47,42,36,74,57,47,29.90,29.80,29.70,10,10,10,20,12,29,0.00,3,,70
2015-5-1,64,54,46,41,39,36,76,56,44,30.00,29.96,29.91,10,10,10,12,8,,0.00,5,,85
2015-5-2,75,60,44,43,40,35,74,52,27,30.04,30.00,29.94,10,10,10,8,2,,0.00,3,,152
2015-5-3,81,63,46,45,38,34,71,42,19,30.17,30.10,30.05,10,10,10,9,3,16,0.00,1,,169
2015-5-4,84,68,53,49,42,37,69,38,19,30.24,30.20,30.15,10,10,10,17,4,26,0.00,0,,212
2015-5-5,84,74,63,57,52,46,63,46,35,30.25,30.20,30.16,10,10,10,12,7,,0.00,3,Rain,258
2015-5-6,75,67,57,59,47,41,72,48,32,30.29,30.24,30.19,10,10,10,15,7,23,0.00,5,Rain,62
2015-5-7,82,68,55,53,49,46,77,53,34,30.26,30.20,30.12,10,10,5,10,4,,0.00,2,,80
2015-5-8,84,70,55,57,53,45,84,56,33,30.21,30.16,30.11,10,9,4,10,3,,0.00,0,,169
2015-5-9,75,68,61,63,59,54,88,74,60,30.30,30.25,30.21,10,8,1,10,5,,0.00,6,,85
2015-5-10,84,75,66,65,64,62,84,71,47,30.26,30.21,30.14,10,8,2,10,5,17,0.00,6,,208
2015-5-11,84,76,71,68,65,61,81,69,47,30.16,30.09,29.94,10,8,2,15,6,20,0.06,5,Rain,200
2015-5-12,87,76,66,65,56,38,87,53,24,29.94,29.88,29.80,10,10,6,23,8,32,0.00,2,,280
2015-5-13,72,62,52,45,38,36,54,41,30,30.32,30.13,29.96,10,10,10,22,12,30,0.00,2,,328
2015-5-14,72,60,48,37,34,29,66,40,20,30.44,30.37,30.31,10,10,10,12,8,,0.00,0,,321
2015-5-15,75,62,50,48,40,33,76,45,21,30.36,30.29,30.21,10,10,10,10,4,18,0.00,1,Rain,199
2015-5-16,84,72,59,65,57,45,78,60,46,30.23,30.16,30.09,10,10,9,10,4,,0.00,3,Rain,220
2015-5-17,86,76,68,64,63,61,81,64,48,30.18,30.14,30.10,10,10,7,10,5,,0.00,1,,277
2015-5-18,84,72,59,66,59,55,88,77,55,30.15,30.13,30.10,10,5,2,17,7,,0.00,6,,82
2015-5-19,86,72,59,64,59,55,90,71,44,30.09,29.93,29.80,10,6,0,10,5,17,0.00,5,Fog,305
2015-5-20,71,64,57,53,39,33,55,41,30,30.04,29.95,29.86,10,10,10,18,12,31,0.00,2,,326
2015-5-21,57,54,52,48,43,31,83,69,41,30.04,29.97,29.92,10,7,2,9,4,,0.13,7,Rain,360
2015-5-22,77,62,50,47,40,24,86,50,20,30.19,29.99,29.90,10,8,1,23,7,37,0.00,3,,289
2015-5-23,71,60,50,35,27,21,50,30,17,30.46,30.38,30.22,10,10,10,15,9,21,0.00,0,,318
2015-5-24,82,64,48,51,45,37,80,48,21,30.42,30.34,30.25,10,10,9,13,4,17,0.00,0,,215
2015-5-25,88,76,64,57,54,51,70,50,30,30.30,30.25,30.19,10,10,10,20,6,28,0.00,0,,209
2015-5-26,90,77,66,62,58,51,68,52,36,30.25,30.20,30.14,10,10,10,14,8,21,0.00,1,,216
2015-5-27,90,80,71,69,66,62,79,68,42,30.19,30.16,30.09,10,9,2,16,8,23,0.09,5,Rain,214
2015-5-28,89,79,71,68,63,51,81,64,38,30.24,30.17,30.14,10,9,6,13,5,,0.00,3,Rain,241
2015-5-29,89,76,64,60,55,51,68,50,32,30.31,30.26,30.19,10,10,10,13,7,,0.00,0,,94
2015-5-30,88,78,68,65,63,59,84,64,43,30.22,30.17,30.08,10,10,7,14,6,21,0.00,3,,206
2015-5-31,91,80,70,65,63,61,76,58,36,30.10,30.04,29.96,10,10,10,14,8,21,0.00,2,,204
2015-6-1,75,68,57,65,60,52,87,82,58,30.14,30.07,30.04,10,6,2,18,7,,1.50,8,Rain,65
2015-6-2,57,54,52,52,50,47,88,83,77,30.19,30.13,30.07,10,7,1,15,11,,0.37,8,Rain,51
2015-6-3,70,62,55,51,49,47,86,68,49,30.25,30.21,30.17,10,10,10,14,9,21,0.00,8,Rain,77
2015-6-4,68,62,57,49,47,46,72,61,49,30.27,30.23,30.20,10,10,10,16,11,23,0.00,8,,78
2015-6-5,73,64,55,60,54,48,87,75,59,30.19,30.08,29.94,10,8,1,12,7,,0.15,7,Rain,60
2015-6-6,81,71,62,61,56,36,88,64,27,30.11,29.94,29.88,10,10,8,17,4,28,0.00,6,Rain,52
2015-6-7,78,66,55,53,51,48,83,56,36,30.22,30.15,30.12,10,10,9,10,4,16,0.00,2,,145
2015-6-8,84,74,64,65,59,51,84,63,47,30.12,29.92,29.79,10,9,2,23,8,31,0.41,5,Rain,212
2015-6-9,86,76,69,65,62,55,84,66,37,29.83,29.74,29.69,10,10,3,18,8,28,0.22,5,Rain,237
2015-6-10,84,72,61,59,55,53,78,51,37,29.93,29.88,29.82,10,10,10,15,5,22,0.00,0,,252
2015-6-11,93,82,71,68,64,60,73,55,41,29.97,29.92,29.88,10,8,6,12,8,21,0.00,0,,231
2015-6-12,93,84,75,71,68,64,79,57,41,29.98,29.92,29.85,10,8,4,14,6,23,0.00,1,,215
2015-6-13,87,80,75,67,62,59,64,53,43,30.03,29.95,29.85,10,10,10,15,10,20,0.00,2,,330
2015-6-14,89,80,71,68,64,58,84,61,43,30.07,30.04,30.00,10,10,5,12,4,17,0.12,4,Rain,134
2015-6-15,90,81,72,72,69,67,89,73,49,30.03,29.96,29.89,10,8,2,12,5,22,0.04,5,Rain,251
2015-6-16,90,80,70,72,68,61,87,74,50,29.99,29.92,29.82,10,5,0,22,8,43,0.13,6,Fog-Rain,5
2015-6-17,82,75,68,59,57,54,73,57,39,30.14,30.12,30.09,10,10,10,16,9,17,0.00,2,,111
2015-6-18,71,68,64,64,61,59,87,82,73,30.11,30.05,29.95,10,6,2,10,7,,0.36,8,Rain,132
2015-6-19,88,78,69,67,65,62,87,71,46,30.00,29.94,29.89,10,9,3,13,4,18,0.05,5,Rain,280
2015-6-20,82,76,69,71,66,57,82,71,59,30.06,29.99,29.90,10,9,7,14,8,,0.01,6,Rain,85
2015-6-21,91,82,73,70,67,63,85,69,42,29.87,29.77,29.73,10,9,5,18,8,29,0.17,5,Rain,264
2015-6-22,90,82,73,65,61,56,73,50,34,30.03,29.97,29.87,10,10,10,15,8,23,0.00,1,,287
2015-6-23,93,83,73,71,68,63,79,64,41,29.97,29.89,29.76,10,9,2,23,8,55,0.08,1,Rain,232
2015-6-24,84,75,66,65,56,53,81,51,35,30.06,30.01,29.92,10,10,10,16,7,25,0.00,1,,311
2015-6-25,84,74,64,62,55,49,84,55,32,30.10,30.05,29.99,10,9,2,10,3,,0.19,4,Rain,289
2015-6-26,84,74,66,63,60,56,84,64,41,30.07,29.98,29.93,10,10,6,13,4,,0.00,6,Rain,69
2015-6-27,71,67,63,61,59,54,84,77,57,30.12,29.95,29.78,10,6,2,23,11,33,1.50,8,Rain,87
2015-6-28,79,72,64,63,59,52,87,69,47,29.81,29.71,29.65,10,8,1,18,11,23,0.24,7,Rain,300
2015-6-29,81,70,61,56,53,51,70,52,38,29.97,29.92,29.82,10,10,10,13,9,22,0.00,1,Rain,265
2015-6-30,86,75,64,69,62,57,85,66,38,29.97,29.91,29.83,10,10,2,14,4,22,0.24,4,Rain,162
2015-7-1,86,78,69,69,63,53,87,66,39,29.90,29.82,29.78,10,8,2,25,8,38,0.18,4,Rain,257
2015-7-2,77,70,64,63,59,57,79,66,56,29.94,29.90,29.88,10,9,6,8,3,,0.00,3,,64
2015-7-3,82,73,64,62,58,56,81,60,42,30.01,29.97,29.92,10,10,10,8,3,,0.00,2,,102
2015-7-4,75,72,68,64,60,53,84,68,49,30.04,29.96,29.93,10,9,8,12,5,,0.03,7,Rain,56
2015-7-5,86,75,64,65,60,56,78,58,41,30.17,30.13,30.06,10,10,10,6,2,,0.00,3,,267
2015-7-6,87,78,71,70,68,65,81,70,55,30.18,30.13,30.07,10,10,6,14,5,,0.00,4,,134
2015-7-7,90,82,75,71,69,65,85,67,46,30.06,30.03,29.96,10,9,2,14,6,,0.04,4,Rain,217
2015-7-8,89,82,75,71,69,67,85,65,49,29.99,29.96,29.93,10,9,5,10,7,,0.02,2,,262
2015-7-9,84,78,72,71,68,66,88,76,56,30.02,29.94,29.84,10,8,1,24,4,33,1.54,6,Rain,296
2015-7-10,86,78,72,70,60,56,82,57,37,30.04,29.97,29.84,10,10,10,15,9,26,0.00,1,,315
2015-7-11,88,80,71,63,57,54,71,49,32,30.11,30.07,30.04,10,10,8,10,5,,0.00,1,,5
2015-7-12,89,78,66,64,60,55,84,55,36,30.08,30.03,29.96,10,10,5,9,1,,0.00,1,,138
2015-7-13,88,79,71,64,60,54,71,53,40,29.97,29.89,29.81,10,10,10,10,3,18,0.00,1,Rain,153
2015-7-14,86,79,72,71,67,61,81,70,55,29.80,29.66,29.55,10,10,9,13,5,21,0.03,5,Rain,144
2015-7-15,82,76,70,70,66,56,84,73,60,29.90,29.69,29.56,10,10,4,23,7,28,0.40,6,Rain,8
2015-7-16,82,72,63,58,54,50,68,53,36,30.09,30.03,29.92,10,10,2,13,8,,0.00,2,,35
2015-7-17,82,72,63,64,60,56,81,62,41,30.13,30.09,30.02,10,10,10,9,3,,0.00,4,,181
2015-7-18,89,80,73,72,67,61,71,64,45,30.03,29.96,29.89,10,10,9,13,6,,0.00,5,,216
2015-7-19,95,84,75,73,71,69,85,61,45,29.91,29.84,29.77,10,9,6,13,5,,0.00,1,,243
2015-7-20,93,87,81,73,69,65,74,56,44,29.78,29.74,29.70,10,10,9,13,8,22,0.00,1,,278
2015-7-21,91,82,72,70,66,59,79,61,42,29.70,29.66,29.60,10,9,1,13,5,28,0.11,3,Rain,292
2015-7-22,84,75,66,62,55,49,76,50,33,29.92,29.82,29.72,10,10,10,18,8,24,0.00,1,,303
2015-7-23,84,73,64,54,51,48,65,44,33,29.98,29.94,29.91,10,10,10,12,6,18,0.00,1,,298
2015-7-24,86,74,64,58,51,44,66,44,25,29.99,29.96,29.94,10,10,10,13,4,,0.00,1,Rain,25
2015-7-25,90,77,64,59,55,50,70,47,26,30.03,29.99,29.95,10,10,10,10,3,,0.00,1,,167
2015-7-26,88,80,73,64,61,58,62,51,43,30.02,29.99,29.96,10,10,10,16,7,21,0.00,1,,207
2015-7-27,87,79,71,69,66,63,84,67,48,30.05,30.01,29.98,10,10,6,9,4,,0.13,4,Rain,176
2015-7-28,95,82,71,70,66,61,84,62,33,30.04,30.00,29.95,10,9,6,7,2,,0.00,2,,116
2015-7-29,93,83,73,70,67,62,82,58,36,30.01,29.98,29.93,10,9,5,13,4,17,0.00,0,,208
2015-7-30,90,84,75,72,71,69,82,70,55,29.96,29.89,29.83,10,9,2,14,8,22,0.06,4,Rain,221
2015-7-31,91,81,71,69,57,52,82,47,27,29.92,29.87,29.83,10,10,8,14,7,18,0.00,0,,290
2015-8-1,91,82,73,62,56,49,60,43,24,29.88,29.84,29.81,10,10,10,20,9,25,0.00,3,Rain,269
2015-8-2,91,78,66,58,53,45,68,42,21,29.96,29.92,29.88,10,10,10,12,4,22,0.00,0,,276
2015-8-3,91,80,69,66,60,55,73,48,29,29.90,29.85,29.80,10,10,10,20,7,28,0.00,1,,219
2015-8-4,93,82,72,68,58,48,78,46,24,29.93,29.88,29.83,10,10,9,22,8,29,0.03,1,Rain,285
2015-8-5,91,80,70,56,53,50,59,40,25,29.98,29.93,29.89,10,10,10,14,4,24,0.00,2,,302
2015-8-6,88,75,64,64,54,47,78,48,28,30.02,29.96,29.91,10,10,10,9,4,,0.01,1,Rain,10
2015-8-7,88,76,66,64,57,48,84,56,27,29.94,29.90,29.87,10,10,9,16,7,21,0.01,1,Rain,74
2015-8-8,84,74,64,58,55,53,75,53,34,30.01,29.97,29.93,10,10,10,13,6,17,0.00,1,,80
2015-8-9,88,78,68,60,57,53,68,52,32,30.07,30.01,29.99,10,10,10,10,3,,0.00,4,,83
2015-8-10,82,74,66,65,61,57,79,65,44,30.07,30.03,29.96,10,10,3,12,3,,0.02,6,Rain,146
2015-8-11,84,78,71,71,67,64,84,78,58,29.95,29.82,29.75,10,7,1,16,6,22,1.42,7,Rain,183
2015-8-12,84,75,66,66,61,54,87,68,35,29.98,29.87,29.83,10,7,1,16,4,22,0.00,1,,298
2015-8-13,84,75,66,57,53,47,73,49,27,30.14,30.06,29.99,10,10,10,13,6,,0.00,2,,310
2015-8-14,89,74,61,60,55,49,75,49,31,30.22,30.16,30.11,10,10,10,9,2,,0.00,0,,272
2015-8-15,91,80,69,63,59,57,73,49,33,30.16,30.13,30.08,10,10,10,12,6,,0.00,0,,232
2015-8-16,95,82,70,66,60,55,68,48,28,30.16,30.12,30.07,10,10,10,12,6,18,0.00,0,,235
2015-8-17,95,84,75,74,65,58,81,57,30,30.13,30.08,30.03,10,8,0,17,7,37,0.57,2,Rain,234
2015-8-18,91,82,73,69,66,58,84,65,32,30.07,30.03,29.97,10,9,4,13,3,20,0.00,1,,168
2015-8-19,91,83,75,71,69,62,85,71,38,30.05,30.02,29.99,10,10,5,15,5,,0.01,6,Rain,137
2015-8-20,88,82,75,73,70,65,85,74,49,30.04,29.99,29.93,10,10,7,18,7,25,0.08,7,Rain,138
2015-8-21,87,80,73,73,64,54,87,65,36,30.08,30.01,29.95,10,9,1,14,6,20,0.74,3,Rain,333
2015-8-22,84,75,66,53,50,45,57,42,27,30.15,30.10,30.06,10,10,10,15,9,21,0.00,0,,1
2015-8-23,86,74,64,59,55,53,70,53,34,30.06,30.00,29.93,10,10,10,8,4,,0.00,0,,343
2015-8-24,88,76,64,65,61,57,81,61,41,29.95,29.90,29.83,10,10,10,7,2,17,0.00,3,,171
2015-8-25,90,82,72,67,57,49,74,49,29,29.94,29.88,29.84,10,10,10,13,6,21,0.00,2,,274
2015-8-26,82,74,66,54,51,49,59,46,35,30.06,30.00,29.95,10,10,10,15,7,23,0.00,1,,300
2015-8-27,81,71,63,55,53,51,70,54,38,30.15,30.09,30.04,10,10,10,13,7,,0.00,2,,327
2015-8-28,82,72,61,55,53,51,72,53,35,30.22,30.18,30.15,10,10,10,8,3,,0.00,0,,336
2015-8-29,88,74,61,60,57,54,81,56,37,30.24,30.18,30.10,10,10,10,12,3,17,0.00,1,,237
2015-8-30,91,78,66,64,62,59,76,54,37,30.14,30.09,30.03,10,10,10,14,6,18,0.00,1,,228
2015-8-31,91,84,77,66,65,63,66,55,42,30.08,30.04,29.99,10,10,10,14,8,,0.00,1,,248
2015-9-1,91,82,72,67,64,59,79,57,34,30.07,30.04,30.01,10,9,7,10,6,,0.00,1,,339
2015-9-2,93,82,70,70,65,58,91,67,31,30.06,30.01,29.90,10,5,0,7,1,,0.00,3,Fog,13
2015-9-3,96,82,72,66,62,58,73,51,30,29.92,29.88,29.83,10,8,5,9,5,,0.00,0,,345
2015-9-4,89,81,73,67,65,64,76,62,48,30.21,30.07,29.91,10,8,5,20,8,22,0.00,3,,72
2015-9-5,86,75,64,63,58,50,73,57,34,30.27,30.23,30.20,10,10,10,12,8,,0.00,3,,78
2015-9-6,88,74,60,61,53,42,81,53,21,30.25,30.21,30.15,10,10,10,10,2,,0.00,0,,101
2015-9-7,91,78,66,65,61,53,87,63,32,30.16,30.11,30.03,10,8,1,12,3,,0.00,0,,227
2015-9-8,95,84,72,66,64,59,79,55,31,30.07,30.02,29.95,10,10,9,12,5,,0.00,0,,222
2015-9-9,96,86,77,71,69,62,79,63,33,30.00,29.92,29.81,10,10,10,10,6,17,0.00,4,,211
2015-9-10,82,77,71,72,69,64,87,82,62,29.86,29.79,29.71,10,6,1,14,9,,1.43,8,Rain,42
2015-9-11,82,75,68,65,61,58,84,65,44,29.84,29.78,29.71,10,10,10,15,9,20,0.05,6,Rain,1
2015-9-12,80,72,66,65,64,61,84,71,58,29.83,29.73,29.65,10,10,5,17,5,25,0.00,6,Rain,157
2015-9-13,75,66,57,64,55,45,81,65,47,29.95,29.77,29.66,10,10,8,14,9,16,0.01,2,,278
2015-9-14,77,66,55,47,44,39,67,47,26,30.24,30.10,29.95,10,10,10,18,10,26,0.00,0,,280
2015-9-15,84,70,57,53,49,46,72,49,27,30.36,30.32,30.24,10,10,10,8,5,,0.00,0,,294
2015-9-16,88,74,59,57,53,49,78,53,27,30.36,30.30,30.24,10,10,10,6,1,,0.00,0,,124
2015-9-17,87,74,60,58,53,43,80,52,23,30.24,30.16,30.07,10,10,8,7,1,,0.00,0,,225
2015-9-18,86,72,60,61,56,52,83,57,33,30.09,30.04,29.97,10,9,2,9,2,,0.00,0,,195
2015-9-19,84,74,63,65,61,50,87,71,32,30.00,29.96,29.87,10,6,0,9,4,,0.00,2,Fog,176
2015-9-20,80,72,63,66,56,46,81,58,32,30.11,29.98,29.88,10,10,10,20,6,18,0.00,4,,2
2015-9-21,73,64,57,50,47,43,62,52,42,30.24,30.19,30.11,10,10,10,14,9,18,0.00,1,,59
2015-9-22,75,67,62,55,51,45,70,58,49,30.29,30.25,30.22,10,10,10,14,9,18,0.00,3,,48
2015-9-23,81,69,57,55,48,39,75,52,24,30.29,30.24,30.20,10,10,10,10,7,,0.00,0,,40
2015-9-24,82,68,54,52,48,45,80,52,29,30.34,30.29,30.24,10,10,10,14,5,17,0.00,0,,62
2015-9-25,78,70,61,56,51,46,81,57,36,30.37,30.34,30.31,10,10,10,20,10,25,0.00,0,Rain,63
2015-9-26,75,66,57,53,50,46,78,60,42,30.47,30.41,30.34,10,10,10,20,10,26,0.00,1,,68
2015-9-27,71,62,55,58,53,48,77,67,57,30.45,30.40,30.32,10,10,10,14,9,,0.00,5,,64
2015-9-28,82,74,66,65,62,59,88,73,50,30.30,30.22,30.13,10,8,2,9,6,,0.00,6,,80
2015-9-29,86,76,69,71,67,63,87,79,55,30.12,30.03,29.83,10,6,0,9,3,17,0.46,7,Fog-Rain,116
2015-9-30,82,74,66,71,66,55,85,76,58,29.96,29.78,29.67,10,8,1,18,10,25,1.52,8,Rain,17
2015-10-1,66,60,57,54,49,45,81,68,56,30.14,30.07,29.96,10,9,5,20,15,26,0.22,8,Rain,36
2015-10-2,55,52,50,49,45,43,82,79,74,30.20,30.16,30.12,10,5,2,25,18,34,1.57,8,Rain,43
2015-10-3,55,52,50,49,46,44,83,78,72,30.31,30.25,30.18,10,8,4,23,19,32,0.00,8,Rain,55
2015-10-4,64,59,54,47,44,42,75,63,46,30.31,30.27,30.23,10,10,10,21,15,28,0.00,6,,56
2015-10-5,68,59,50,45,43,40,74,59,42,30.22,30.17,30.11,10,10,10,14,10,20,0.00,2,,39
2015-10-6,75,62,50,53,47,40,77,58,31,30.11,30.04,29.97,10,10,10,8,3,,0.00,0,,343
2015-10-7,75,65,57,52,50,48,78,61,41,30.08,30.02,29.99,10,10,10,13,5,20,0.00,1,,335
2015-10-8,75,64,53,54,51,47,83,66,40,30.16,30.11,30.08,10,10,9,9,3,,0.00,3,,134
2015-10-9,80,68,57,61,58,52,87,76,52,30.10,29.93,29.79,10,8,2,18,5,39,0.26,4,Rain,224
2015-10-10,66,58,48,51,39,34,71,53,32,30.17,30.10,29.96,10,10,10,15,9,22,0.00,0,,8
2015-10-11,71,56,42,46,42,37,82,62,36,30.09,29.99,29.90,10,10,10,12,2,17,0.00,0,,257
2015-10-12,75,60,46,52,45,41,83,60,31,29.91,29.84,29.72,10,9,1,8,2,,0.00,0,,195
2015-10-13,75,65,57,57,54,48,84,66,50,29.70,29.61,29.55,10,10,8,13,5,,0.00,4,,254
2015-10-14,68,62,55,49,44,42,69,56,42,29.91,29.80,29.71,10,10,10,14,8,22,0.00,3,,274
2015-10-15,66,57,50,43,40,35,74,55,35,30.07,30.00,29.91,10,10,10,16,6,,0.00,1,,278
2015-10-16,66,57,50,46,38,32,77,53,33,30.09,30.02,29.93,10,10,10,16,6,24,0.00,1,,287
2015-10-17,57,50,44,36,29,23,71,48,30,30.26,30.16,30.09,10,10,10,17,8,23,0.00,4,,305
2015-10-18,52,44,35,31,24,20,67,49,29,30.43,30.32,30.26,10,10,10,16,6,20,0.00,2,,324
2015-10-19,54,42,30,32,26,22,79,52,31,30.54,30.44,30.34,10,10,10,9,4,,0.00,0,,259
2015-10-20,71,58,46,42,36,32,73,47,26,30.32,30.28,30.22,10,10,10,16,10,21,0.00,1,,237
2015-10-21,75,62,48,48,44,39,83,54,27,30.35,30.30,30.27,10,9,4,8,4,,0.00,0,,228
2015-10-22,77,60,46,50,45,40,83,57,34,30.26,30.19,30.09,10,9,4,12,4,,0.00,0,,232
2015-10-23,64,54,44,49,35,26,62,46,25,30.35,30.24,30.13,10,10,10,17,9,23,0.00,0,,359
2015-10-24,61,50,39,45,36,28,65,57,44,30.40,30.33,30.21,10,10,10,9,6,,0.00,3,,86
2015-10-25,70,61,51,53,48,34,78,62,44,30.30,30.13,30.08,10,10,10,15,7,25,0.00,5,Rain,298
2015-10-26,61,52,43,36,35,33,74,57,35,30.52,30.43,30.30,10,10,10,10,5,,0.00,0,,14
2015-10-27,61,49,37,45,39,31,83,68,55,30.57,30.51,30.44,10,10,10,14,4,,0.00,2,,71
2015-10-28,72,63,54,68,61,46,94,88,75,30.43,29.99,29.66,10,6,1,18,11,25,0.88,8,Rain,125
2015-10-29,71,64,57,67,54,33,93,70,31,29.81,29.65,29.60,10,9,2,22,11,31,0.34,5,Rain,239
2015-10-30,61,53,45,39,35,32,61,52,42,30.15,29.98,29.82,10,10,10,14,8,22,0.00,1,,305
2015-10-31,57,47,37,40,35,30,79,61,42,30.27,30.18,30.06,10,10,10,8,3,,0.00,0,,225
2015-11-1,66,58,51,54,50,41,84,73,67,30.06,29.97,29.91,10,10,10,13,6,21,0.00,4,,222
2015-11-2,64,55,46,52,47,43,93,74,50,30.15,30.10,30.04,10,9,2,6,2,,0.00,0,,304
2015-11-3,75,58,42,48,44,40,93,67,34,30.28,30.21,30.15,10,9,5,8,1,,0.00,0,,277
2015-11-4,77,62,46,54,49,42,97,74,39,30.37,30.33,30.28,10,7,0,9,3,,0.00,0,Fog,86
2015-11-5,70,62,55,65,59,53,97,90,81,30.33,30.26,30.14,10,4,0,8,2,,0.01,8,Fog-Rain,189
2015-11-6,75,70,66,65,64,52,93,82,48,30.15,30.02,29.88,10,6,1,18,6,25,0.00,7,,221
2015-11-7,69,62,54,55,45,33,78,57,45,30.21,30.06,29.96,10,10,10,15,7,23,0.01,5,Rain,292
2015-11-8,57,49,39,34,32,29,77,52,35,30.46,30.38,30.23,10,10,10,15,7,21,0.00,0,,321
2015-11-9,60,48,35,41,35,30,82,58,35,30.50,30.41,30.28,10,10,10,6,2,,0.00,3,,65
2015-11-10,61,58,54,58,54,40,93,88,55,30.26,29.94,29.77,10,4,2,20,12,28,0.65,8,Rain,52
2015-11-11,64,58,53,52,50,47,90,80,60,29.98,29.87,29.77,10,9,2,18,11,24,0.03,7,Rain,333
2015-11-12,60,53,46,55,50,42,93,87,62,29.97,29.81,29.56,10,8,2,13,2,,0.13,5,Rain,183
2015-11-13,60,54,48,41,32,21,59,43,32,29.91,29.77,29.65,10,10,10,21,13,30,0.00,3,,279
2015-11-14,50,46,41,32,26,22,57,46,39,30.32,30.13,29.93,10,10,10,21,13,30,0.00,2,,295
2015-11-15,62,49,36,35,31,27,73,51,32,30.37,30.29,30.23,10,10,10,16,7,22,0.00,0,,245
2015-11-16,70,57,44,38,35,33,68,49,30,30.32,30.26,30.21,10,10,10,13,6,17,0.00,0,,268
2015-11-17,55,47,39,39,35,29,82,62,53,30.56,30.50,30.34,10,10,10,16,9,22,0.00,0,,66
2015-11-18,62,50,37,54,46,33,86,74,62,30.52,30.43,30.30,10,9,1,15,8,,0.00,6,Rain,98
2015-11-19,66,62,57,63,60,54,96,90,70,30.29,30.06,29.96,10,5,1,10,7,18,1.28,7,Rain,179
2015-11-20,63,51,37,60,30,19,90,46,25,30.27,30.16,29.99,10,10,8,16,10,23,0.00,0,,314
2015-11-21,53,45,37,42,31,21,80,58,43,30.31,30.17,29.93,10,10,10,12,7,,0.00,2,,77
2015-11-22,53,47,39,47,33,24,83,58,39,30.01,29.94,29.90,10,10,10,18,8,29,0.00,5,,313
2015-11-23,42,35,28,23,18,15,64,49,36,30.29,30.13,29.98,10,10,10,17,11,29,0.00,1,,320
2015-11-24,50,38,27,27,24,17,75,56,38,30.56,30.40,30.30,10,10,10,12,2,17,0.00,4,,304
2015-11-25,52,41,30,31,27,24,82,63,40,30.82,30.73,30.58,10,10,8,9,2,,0.00,0,,97
2015-11-26,63,48,33,45,38,28,89,73,50,30.83,30.76,30.65,10,9,7,8,2,,0.00,0,,294
2015-11-27,64,50,37,49,40,34,97,85,50,30.64,30.53,30.27,10,4,0,9,1,,0.00,1,Fog,208
2015-11-28,62,56,50,53,48,43,87,80,64,30.26,30.19,30.14,10,10,9,12,6,,0.01,6,Rain,338
2015-11-29,48,44,37,42,33,24,80,67,48,30.39,30.27,30.21,10,10,10,14,7,,0.03,4,Rain,25
2015-11-30,46,40,34,41,31,23,89,66,59,30.45,30.39,30.28,10,10,5,14,11,,0.03,5,Rain,46
2015-12-1,55,50,44,53,49,41,93,92,89,30.27,30.13,30.00,10,3,1,14,9,,0.89,8,Rain,75