MST,Max TemperatureF,Mean TemperatureF,Min TemperatureF,Max Dew PointF,MeanDew PointF,Min DewpointF,Max Humidity, Mean Humidity, Min Humidity, Max Sea Level PressureIn, Mean Sea Level PressureIn, Min Sea Level PressureIn, Max VisibilityMiles, Mean VisibilityMiles, Min VisibilityMiles, Max Wind SpeedMPH, Mean Wind SpeedMPH, Max Gust SpeedMPH,PrecipitationIn, CloudCover, Events, WindDirDegrees
2015-1-1,46,41,35,33,29,26,89,69,49,30.16,30.09,30.01,10,10,10,9,4,11,0.00,4,,312
2015-1-2,54,43,31,29,26,21,85,57,28,30.12,30.05,29.99,10,10,10,10,5,13,0.00,0,,213
2015-1-3,54,44,34,31,28,25,82,57,32,30.32,30.22,30.12,10,10,10,9,4,11,0.00,0,,117
2015-1-4,65,50,35,36,31,29,76,51,26,30.41,30.32,30.28,10,10,10,8,3,12,0.00,2,,111
2015-1-5,74,57,40,36,32,24,76,46,16,30.35,30.25,30.17,10,10,10,14,3,18,0.00,2,,67
2015-1-6,79,62,44,37,32,25,60,38,15,30.29,30.20,30.12,10,10,10,13,4,16,0.00,1,,86
2015-1-7,81,64,47,39,36,32,66,42,17,30.17,30.10,30.04,10,10,10,10,4,13,0.00,4,,117
2015-1-8,71,63,54,40,36,33,55,41,26,30.10,30.03,29.98,10,10,10,20,9,23,0.00,5,,105
2015-1-9,75,63,51,44,39,36,59,46,33,30.05,29.99,29.94,10,10,10,17,7,20,0.00,1,,101
2015-1-10,65,60,54,46,40,37,62,51,39,30.06,30.01,29.98,10,10,10,12,5,14,T,6,Rain,108
2015-1-11,72,63,54,54,46,43,78,57,35,30.08,30.03,29.98,10,10,10,13,6,20,0.01,6,Rain,94
2015-1-12,67,62,56,56,54,51,93,76,58,30.13,30.06,30.01,10,9,7,10,3,13,0.02,6,Rain,236
2015-1-13,63,57,51,52,49,45,93,77,60,30.06,30.01,29.96,10,9,6,23,4,26,0.11,5,Rain,97
2015-1-14,67,57,46,46,43,38,93,64,34,30.21,30.10,30.03,10,10,10,10,3,12,0.00,1,,79
2015-1-15,72,60,47,41,36,31,77,50,22,30.30,30.21,30.15,10,10,10,16,6,20,0.00,0,,72
2015-1-16,74,62,49,38,33,26,59,38,17,30.21,30.14,30.06,10,10,10,15,5,18,0.00,1,,96
2015-1-17,73,60,47,37,33,28,61,41,20,30.22,30.16,30.10,10,10,10,13,5,16,0.00,1,,111
2015-1-18,75,62,48,41,37,33,61,41,21,30.25,30.17,30.10,10,10,10,9,3,11,0.00,3,,83
2015-1-19,75,63,50,42,38,34,66,44,21,30.14,30.06,29.98,10,10,10,10,4,13,0.00,3,,130
2015-1-20,75,62,48,42,39,33,71,47,23,30.03,29.93,29.83,10,10,10,9,3,11,0.00,4,,102
2015-1-21,74,64,53,42,37,31,61,44,27,30.00,29.86,29.79,10,10,10,21,6,25,0.00,4,,355
2015-1-22,65,57,48,34,15,5,56,33,9,30.30,30.18,30.01,10,10,10,23,10,29,0.00,0,,36
2015-1-23,64,54,43,24,20,15,41,29,17,30.32,30.22,30.12,10,10,10,10,5,14,0.00,4,,92
2015-1-24,77,64,50,25,18,11,35,22,8,30.13,30.06,29.98,10,10,10,24,9,28,0.00,2,,72
2015-1-25,78,63,48,32,25,20,41,27,13,30.09,30.04,29.98,10,10,10,16,4,19,0.00,4,,109
2015-1-26,71,62,53,49,33,25,60,39,18,30.15,30.09,30.04,10,10,10,12,3,15,0.01,7,Rain,144
2015-1-27,74,64,53,52,50,47,89,64,38,30.23,30.15,30.10,10,10,10,10,3,13,0.00,5,,203
2015-1-28,75,64,52,52,50,46,89,64,38,30.15,30.08,30.01,10,10,10,12,5,23,0.00,5,,271
2015-1-29,71,65,58,58,51,43,90,64,38,30.05,30.01,29.96,10,9,5,12,3,13,0.24,8,Rain,121
2015-1-30,60,58,55,57,55,53,93,90,86,29.96,29.86,29.80,10,6,1,15,8,18,0.35,8,Rain,88
2015-1-31,60,57,53,55,53,52,93,84,75,29.94,29.83,29.77,10,10,7,12,3,14,0.07,7,Rain,122
2015-2-1,69,60,50,54,51,45,100,71,42,30.12,30.04,29.95,10,5,0,10,3,12,0.00,4,Fog,72
2015-2-2,73,61,48,50,43,34,96,61,25,30.12,30.04,29.95,10,10,9,9,4,13,0.00,2,,102
2015-2-3,76,63,50,51,46,42,83,57,31,30.07,30.01,29.96,10,10,10,10,5,13,0.00,3,,108
2015-2-4,77,65,52,50,47,44,83,58,33,30.12,30.05,30.01,10,10,10,10,5,14,0.00,1,,103
2015-2-5,82,67,52,48,44,35,83,51,18,30.12,30.05,29.96,10,10,10,12,4,16,0.00,1,,107
2015-2-6,84,69,54,49,41,35,64,41,18,30.12,30.06,30.01,10,10,10,13,4,17,0.00,1,,117
2015-2-7,81,67,53,47,43,37,67,44,21,30.11,30.05,29.98,10,10,10,8,4,11,0.00,0,,121
2015-2-8,82,69,55,45,40,31,66,41,16,30.12,30.04,29.97,10,10,9,9,4,14,0.00,0,,108
2015-2-9,83,69,55,48,44,41,72,48,23,30.07,29.99,29.90,10,10,10,13,5,16,0.00,0,,114
2015-2-10,83,70,57,48,41,32,67,42,17,29.95,29.89,29.82,10,10,10,15,6,21,0.00,0,,127
2015-2-11,81,68,54,44,32,18,66,38,9,30.08,29.98,29.89,10,10,10,20,6,24,0.00,1,,46
2015-2-12,78,68,58,37,31,27,39,28,16,30.22,30.12,30.05,10,10,10,20,8,24,0.00,1,,102
2015-2-13,80,68,55,39,34,30,47,32,17,30.14,30.06,30.01,10,10,10,15,5,18,0.00,1,,104
2015-2-14,83,69,54,46,39,36,59,39,18,30.08,29.99,29.91,10,10,10,9,3,12,0.00,4,,124
2015-2-15,79,71,63,52,48,43,60,45,30,29.98,29.92,29.84,10,10,10,15,6,20,0.00,5,,91
2015-2-16,79,67,55,51,47,43,77,53,29,29.97,29.89,29.82,10,10,10,18,6,23,0.00,1,,164
2015-2-17,77,66,55,51,25,11,65,37,8,30.12,30.03,29.91,10,10,10,16,6,20,0.00,0,,77
2015-2-18,79,65,50,32,25,16,41,26,10,30.16,30.07,29.99,10,10,10,13,6,16,0.00,2,,97
2015-2-19,80,66,52,35,31,22,50,31,12,30.09,29.99,29.91,10,10,10,9,5,13,0.00,5,,110
2015-2-20,79,67,55,38,33,30,47,32,17,29.94,29.88,29.81,10,10,10,13,4,15,0.00,6,,110
2015-2-21,79,67,54,39,37,33,51,35,19,29.87,29.79,29.71,10,10,10,12,5,13,0.00,5,,91
2015-2-22,72,64,56,47,44,39,61,50,38,29.83,29.79,29.74,10,10,10,15,6,23,0.00,6,,204
2015-2-23,70,65,59,55,47,43,65,55,45,29.97,29.92,29.83,10,10,10,20,8,26,0.01,6,Rain,190
2015-2-24,67,59,51,42,38,33,64,48,31,30.11,30.00,29.95,10,10,10,29,9,34,T,3,Rain,257
2015-2-25,72,60,47,41,35,28,71,47,22,30.14,30.03,29.90,10,10,10,13,6,15,0.00,1,,109
2015-2-26,77,64,51,36,30,21,54,34,13,29.91,29.81,29.70,10,10,10,14,6,19,0.00,2,,124
2015-2-27,78,64,50,42,32,25,52,34,15,29.75,29.67,29.57,10,10,10,20,9,25,0.00,2,,160
2015-2-28,70,65,60,47,43,36,55,45,34,29.86,29.77,29.65,10,10,10,17,6,23,T,7,,193
2015-3-1,77,69,61,50,47,43,64,48,31,29.95,29.88,29.82,10,10,10,21,9,28,0.00,6,,168
2015-3-2,66,59,52,51,49,47,89,73,56,29.99,29.90,29.82,10,10,4,28,8,35,0.23,7,Rain,174
2015-3-3,65,56,47,49,45,38,100,70,39,29.96,29.88,29.81,10,8,0,14,5,17,0.07,5,Fog-Rain,223
2015-3-4,70,59,47,45,37,27,86,54,22,30.13,29.97,29.85,10,10,10,15,6,20,0.00,1,,252
2015-3-5,75,61,46,39,24,10,65,37,9,30.28,30.18,30.12,10,10,10,15,4,22,0.00,0,,66
2015-3-6,83,67,51,30,19,8,41,24,6,30.14,30.04,29.94,10,10,10,28,10,33,0.00,0,,84
2015-3-7,83,69,55,37,28,23,41,28,14,30.00,29.93,29.86,10,10,10,18,6,22,0.00,1,,69
2015-3-8,83,69,55,41,34,24,59,36,12,29.97,29.89,29.82,10,10,10,16,5,22,0.00,1,,207
2015-3-9,84,70,56,39,33,24,47,30,12,29.89,29.83,29.76,10,10,10,15,5,19,0.00,1,,144
2015-3-10,87,73,58,36,26,15,37,23,8,29.97,29.89,29.83,10,10,10,13,5,16,0.00,0,,102
2015-3-11,87,73,59,31,27,21,32,21,10,30.09,29.99,29.94,10,10,10,12,5,15,0.00,5,,101
2015-3-12,86,77,68,38,33,28,29,21,13,29.96,29.92,29.86,10,10,10,23,8,36,0.00,7,,43
2015-3-13,88,74,60,43,36,30,46,30,13,29.99,29.94,29.88,10,10,10,25,7,31,0.00,2,,94
2015-3-14,88,76,63,39,34,29,40,26,12,30.13,30.03,29.96,10,10,10,20,6,25,0.00,2,,99
2015-3-15,89,76,63,35,28,21,34,22,9,30.13,30.01,29.89,10,10,10,21,9,25,0.00,1,,109
2015-3-16,90,78,65,39,31,24,29,21,13,29.99,29.90,29.81,10,10,10,14,7,21,0.00,0,,94
2015-3-17,91,78,64,45,38,29,40,26,12,29.92,29.84,29.78,10,10,10,17,8,23,0.00,3,,204
2015-3-18,81,72,62,57,47,39,84,55,26,29.95,29.90,29.84,10,10,10,26,8,32,0.02,8,Rain,191
2015-3-19,70,65,60,57,53,47,90,67,44,30.02,29.95,29.89,10,10,10,13,6,21,0.01,6,Rain,306
2015-3-20,81,71,61,54,48,40,78,54,29,30.08,30.00,29.93,10,10,10,24,5,31,0.00,4,,173
2015-3-21,85,73,60,49,43,34,64,41,17,30.05,29.99,29.93,10,10,10,15,6,19,0.00,2,,106
2015-3-22,89,75,60,47,38,28,60,36,12,30.09,30.01,29.94,10,10,10,12,6,17,0.00,3,,113
2015-3-23,88,75,61,41,34,24,46,28,10,30.02,29.94,29.87,10,10,10,15,6,19,0.00,1,,78
2015-3-24,86,73,59,36,29,18,36,23,9,29.99,29.89,29.81,10,10,10,13,5,20,0.00,2,,134
2015-3-25,88,75,62,34,31,27,34,23,11,29.97,29.90,29.84,10,10,10,16,6,20,0.00,2,,238
2015-3-26,89,77,64,35,22,14,32,20,7,30.07,30.00,29.94,10,10,10,18,6,25,0.00,2,,33
2015-3-27,95,79,63,32,24,14,28,17,6,30.06,29.99,29.91,10,10,10,13,5,17,0.00,0,,86
2015-3-28,95,80,64,32,24,12,28,17,5,30.04,29.95,29.88,10,10,10,13,6,18,0.00,0,,102
2015-3-29,97,81,65,31,24,15,26,16,5,30.01,29.92,29.86,10,10,10,13,6,18,0.00,5,,107
2015-3-30,96,83,70,35,28,24,22,15,8,29.98,29.89,29.82,10,10,10,14,5,21,0.00,5,,82
2015-3-31,95,82,68,39,34,29,26,18,10,29.92,29.82,29.73,10,10,10,21,7,27,0.00,1,,224
2015-4-1,91,79,67,43,33,19,37,24,10,29.83,29.77,29.70,10,10,10,20,8,25,0.00,2,,205
2015-4-2,87,76,64,33,25,14,30,19,8,29.90,29.83,29.77,10,10,10,21,10,27,0.00,5,,243
2015-4-3,86,73,60,24,15,6,23,14,5,30.03,29.95,29.90,10,10,10,20,5,24,0.00,6,,260
2015-4-4,89,76,62,33,20,12,34,20,6,29.92,29.83,29.74,10,10,10,15,6,20,0.00,6,,135
2015-4-5,89,75,61,29,21,7,27,16,5,29.80,29.73,29.64,10,10,10,16,8,21,0.00,4,,186
2015-4-6,86,74,61,25,16,6,25,15,5,29.85,29.79,29.73,10,10,10,21,8,25,0.00,4,,222
2015-4-7,84,71,58,24,18,12,26,17,8,29.90,29.83,29.77,10,10,10,17,9,25,0.00,4,,198
2015-4-8,78,70,61,36,24,10,34,21,8,29.92,29.85,29.81,10,10,10,20,10,25,0.00,0,,266
2015-4-9,83,69,54,24,16,11,26,17,7,29.93,29.86,29.80,10,10,10,13,5,21,0.00,1,,116
2015-4-10,87,72,57,26,20,13,28,18,7,29.93,29.85,29.78,10,10,10,13,5,18,0.00,2,,98
2015-4-11,86,73,60,31,25,20,25,17,9,29.90,29.80,29.72,10,10,10,10,4,16,0.00,4,,38
2015-4-12,86,76,65,42,35,26,31,25,18,29.90,29.82,29.76,10,10,10,18,8,26,0.00,5,,268
2015-4-13,90,77,63,48,41,31,56,34,12,30.01,29.92,29.86,10,10,10,14,6,17,0.00,1,,124
2015-4-14,94,81,67,42,34,20,37,23,8,29.97,29.85,29.72,10,10,10,26,9,35,0.00,1,,182
2015-4-15,84,75,65,31,8,-4,23,14,4,29.86,29.79,29.72,10,10,10,25,13,34,0.00,0,,286
2015-4-16,75,66,56,17,8,1,14,11,7,29.98,29.92,29.86,10,10,10,21,9,26,0.00,1,,298
2015-4-17,82,69,55,25,21,18,26,18,9,30.01,29.94,29.85,10,10,10,17,6,28,0.00,1,,195
2015-4-18,90,75,59,26,21,14,27,17,6,29.94,29.84,29.74,10,10,10,20,8,26,0.00,0,Rain,206
2015-4-19,92,77,62,29,23,17,24,16,7,29.88,29.78,29.69,10,10,10,16,6,24,0.00,2,,84
2015-4-20,93,79,65,32,24,18,28,18,7,29.80,29.72,29.63,10,10,10,14,7,19,0.00,1,,69
2015-4-21,91,78,65,29,22,9,22,14,5,29.82,29.74,29.64,10,10,10,24,9,27,0.00,3,,158
2015-4-22,89,77,65,36,27,17,30,19,7,29.83,29.75,29.66,10,10,10,21,8,36,0.00,1,,167
2015-4-23,83,73,62,40,32,27,31,23,15,29.82,29.75,29.66,10,10,10,16,7,22,0.00,3,,226
2015-4-24,78,70,62,55,46,38,63,47,31,29.90,29.83,29.75,10,10,8,23,6,27,0.02,4,Rain,141
2015-4-25,81,69,56,51,42,38,51,39,26,29.87,29.78,29.68,10,10,10,35,11,42,0.02,6,Rain,244
2015-4-26,75,65,54,52,48,40,83,56,29,29.82,29.77,29.70,10,10,10,24,7,30,0.14,6,Rain,40
2015-4-27,87,72,57,51,42,35,80,49,17,29.89,29.83,29.78,10,10,10,10,3,14,0.00,1,,149
2015-4-28,93,81,68,47,40,34,45,29,13,29.97,29.89,29.82,10,10,10,16,8,23,0.00,1,,110
2015-4-29,96,84,71,43,34,25,35,22,8,29.94,29.83,29.73,10,10,10,16,6,21,0.00,0,,111
2015-4-30,99,85,70,36,28,18,25,16,6,29.82,29.75,29.68,10,10,10,12,5,18,0.00,4,,98
2015-5-1,101,86,70,39,28,16,27,16,5,29.83,29.75,29.68,10,10,10,15,7,18,0.00,4,,277
2015-5-2,98,85,72,39,34,29,25,17,9,29.80,29.72,29.62,10,10,10,21,7,26,0.00,4,,218
2015-5-3,96,86,75,51,42,37,33,23,13,29.83,29.73,29.62,10,10,10,25,7,39,0.00,4,,190
2015-5-4,85,75,65,62,54,43,73,50,26,29.89,29.80,29.71,10,10,6,28,11,33,0.24,6,Rain-Thunderstorm,292
2015-5-5,86,77,67,54,50,45,63,44,25,29.86,29.80,29.73,10,10,10,15,7,20,0.00,5,,223
2015-5-6,90,80,69,50,38,28,47,29,11,29.76,29.70,29.59,10,10,10,25,8,29,0.00,3,,192
2015-5-7,86,76,65,43,39,33,43,30,16,29.83,29.72,29.63,10,10,10,22,9,30,0.00,2,,195
2015-5-8,75,68,61,43,35,24,43,30,16,29.91,29.82,29.74,10,10,10,29,11,33,T,4,Rain,258
2015-5-9,77,67,57,43,36,30,57,38,19,29.97,29.91,29.85,10,10,10,14,5,19,0.00,1,,241
2015-5-10,89,75,61,39,34,27,43,27,11,29.91,29.85,29.78,10,10,10,16,5,23,0.00,0,,153
2015-5-11,96,82,67,39,31,20,35,21,6,29.86,29.76,29.65,10,10,10,20,6,25,0.00,3,,129
2015-5-12,91,81,70,39,28,21,25,17,8,29.82,29.77,29.72,10,10,10,24,11,31,0.00,4,,162
2015-5-13,91,80,69,45,42,35,37,27,17,29.90,29.80,29.70,10,10,10,23,10,27,0.00,4,,169
2015-5-14,87,79,70,51,43,32,46,30,14,29.83,29.73,29.67,10,10,10,26,13,38,0.00,6,,217
2015-5-15,76,67,57,58,50,41,93,61,29,29.81,29.78,29.73,10,8,1,26,11,32,0.93,7,Rain-Thunderstorm,234
2015-5-16,75,66,57,51,46,39,80,56,31,29.95,29.90,29.77,10,10,10,12,4,14,T,5,,271
2015-5-17,86,75,64,50,41,28,60,37,13,29.96,29.90,29.83,10,10,10,14,5,17,0.00,3,,114
2015-5-18,90,78,65,50,35,15,56,32,8,29.88,29.83,29.75,10,10,10,25,9,30,0.00,1,,222
2015-5-19,87,76,65,41,34,27,40,27,13,29.92,29.85,29.79,10,10,10,16,5,22,0.00,0,,142
2015-5-20,93,80,67,42,34,24,40,25,9,29.86,29.80,29.72,10,10,10,17,8,23,0.00,5,,140
2015-5-21,91,82,72,40,34,23,29,20,10,29.80,29.75,29.67,10,10,10,23,10,29,0.00,5,,173
2015-5-22,82,74,66,41,37,32,37,28,19,29.88,29.83,29.80,10,10,10,24,10,30,0.00,3,,211
2015-5-23,83,74,64,41,38,34,40,29,18,29.96,29.89,29.82,10,10,10,15,5,22,0.00,1,,266
2015-5-24,85,76,66,43,40,34,42,30,17,29.88,29.81,29.75,10,10,10,16,6,20,0.00,2,,268
2015-5-25,92,80,67,45,41,37,40,28,16,29.88,29.81,29.76,10,10,10,16,6,22,0.00,1,,257
2015-5-26,96,84,71,43,38,32,34,23,12,29.89,29.83,29.75,10,10,10,16,7,21,0.00,3,,252
2015-5-27,97,85,73,44,35,27,35,23,10,29.88,29.81,29.74,10,10,10,17,7,26,0.00,5,,213
2015-5-28,98,85,71,41,33,26,29,19,8,29.88,29.81,29.75,10,10,10,14,6,20,0.00,1,,225
2015-5-29,103,88,73,40,29,19,29,17,5,29.87,29.80,29.73,10,10,10,13,6,17,0.00,1,,261
2015-5-30,105,90,74,40,31,21,27,17,6,29.86,29.79,29.70,10,10,10,13,5,20,0.00,3,,295
2015-5-31,107,93,78,41,34,23,27,18,8,29.84,29.75,29.67,10,10,10,20,6,24,0.00,1,,276
2015-6-1,105,92,78,37,28,19,21,13,5,29.84,29.78,29.72,10,10,10,21,9,28,0.00,2,,193
2015-6-2,104,90,76,39,28,16,25,15,5,29.84,29.76,29.68,10,10,10,18,9,24,0.00,2,,269
2015-6-3,102,88,74,34,21,7,21,13,4,29.77,29.70,29.62,10,10,10,23,8,29,0.00,0,,270
2015-6-4,97,85,73,55,33,18,40,23,6,29.75,29.71,29.66,10,10,9,30,9,38,0.00,4,,133
2015-6-5,90,81,72,69,62,51,79,57,34,29.83,29.75,29.69,10,10,5,24,11,28,0.16,6,Rain-Thunderstorm,86
2015-6-6,97,85,73,68,46,23,84,46,7,29.80,29.73,29.67,10,10,10,18,8,21,0.03,5,Rain,179
2015-6-7,100,86,71,48,35,24,38,23,7,29.80,29.76,29.71,10,10,10,15,6,19,0.00,1,,84
2015-6-8,105,92,78,45,38,33,27,18,8,29.83,29.75,29.66,10,10,10,14,5,17,0.00,6,,276
2015-6-9,95,89,83,65,59,42,51,32,13,29.83,29.76,29.69,10,10,9,20,7,28,T,7,Rain,217
2015-6-10,95,88,80,67,64,59,62,47,32,29.78,29.71,29.64,10,10,10,17,8,20,T,5,,276
2015-6-11,100,91,82,61,48,38,43,28,13,29.73,29.66,29.60,10,10,10,16,6,21,0.00,2,,250
2015-6-12,104,91,78,48,40,35,35,23,10,29.70,29.62,29.55,10,10,10,17,6,21,0.00,0,,287
2015-6-13,105,93,80,46,39,31,26,19,11,29.67,29.60,29.52,10,10,10,16,8,22,0.00,1,,255
2015-6-14,107,95,83,48,42,38,29,20,10,29.68,29.61,29.53,10,10,10,16,6,19,0.00,1,,256
2015-6-15,112,99,86,47,42,36,25,17,9,29.73,29.66,29.59,10,10,10,21,8,26,0.00,1,,287
2015-6-16,112,99,85,46,41,30,24,16,7,29.80,29.72,29.65,10,10,10,14,7,24,0.00,1,,281
2015-6-17,114,100,86,50,41,32,29,18,7,29.79,29.71,29.63,10,10,10,22,9,27,0.00,1,,243
2015-6-18,115,101,86,45,37,31,22,14,6,29.78,29.71,29.63,10,10,10,21,8,27,0.00,1,,257
2015-6-19,114,100,85,46,27,5,25,14,2,29.80,29.68,29.61,10,10,10,22,7,27,0.00,3,,206
2015-6-20,112,96,80,41,28,20,16,10,4,29.78,29.70,29.63,10,10,10,15,6,22,0.00,0,,202
2015-6-21,109,99,88,56,50,43,34,23,11,29.91,29.76,29.68,10,10,10,17,7,20,0.00,0,,276
2015-6-22,109,97,85,52,43,29,32,19,6,29.86,29.78,29.69,10,10,10,18,7,22,0.00,1,,270
2015-6-23,111,99,87,51,42,35,29,19,8,29.83,29.74,29.62,10,10,10,22,7,26,0.00,3,,275
2015-6-24,112,100,87,52,39,26,22,14,6,29.78,29.72,29.65,10,10,10,18,7,21,0.00,2,,80
2015-6-25,110,100,90,54,49,38,28,19,9,29.85,29.75,29.66,10,10,10,20,9,24,0.00,3,,269
2015-6-26,107,98,89,62,55,47,0,0,0,29.86,29.78,29.68,10,10,10,18,10,25,0.00,2,,279
2015-6-27,108,99,90,68,57,45,0,0,0,29.89,29.83,29.70,10,9,0,44,9,51,0.01,6,Rain-Thunderstorm,354
2015-6-28,110,99,87,61,56,49,39,26,13,29.87,29.79,29.68,10,10,6,23,7,27,0.00,5,,179
2015-6-29,110,98,86,68,60,55,43,31,18,29.84,29.77,29.65,10,10,10,18,7,24,0.05,4,Rain-Thunderstorm,274
2015-6-30,107,96,85,73,63,57,63,43,22,29.84,29.74,29.61,10,10,10,21,11,26,0.00,5,,258
2015-7-1,106,95,84,67,61,57,55,39,22,29.86,29.79,29.72,10,10,10,24,11,30,0.00,6,,250
2015-7-2,106,97,88,58,56,50,36,26,16,29.85,29.76,29.65,10,10,10,18,10,28,0.00,3,,254
2015-7-3,100,91,82,69,61,55,55,40,24,29.84,29.74,29.64,10,10,10,22,7,27,0.08,6,Rain-Thunderstorm,236
2015-7-4,106,96,85,65,59,51,51,34,17,29.76,29.71,29.67,10,10,10,22,9,29,0.00,5,,248
2015-7-5,102,93,84,67,61,54,55,38,21,29.88,29.81,29.74,10,10,10,28,11,40,0.00,6,,221
2015-7-6,104,91,78,69,61,53,58,39,20,29.95,29.84,29.72,10,10,10,22,7,26,T,4,Rain-Thunderstorm,249
2015-7-7,108,97,85,65,54,43,48,31,13,29.84,29.73,29.63,10,10,10,18,7,23,0.00,1,,279
2015-7-8,109,98,87,51,42,26,29,19,8,29.74,29.66,29.56,10,10,10,22,11,27,0.00,1,,224
2015-7-9,102,93,83,52,37,27,26,18,10,29.76,29.70,29.63,10,10,10,25,11,33,0.00,4,,181
2015-7-10,104,91,78,56,47,34,30,22,13,29.83,29.75,29.65,10,10,10,24,12,32,0.00,2,,197
2015-7-11,106,96,85,58,49,38,35,24,12,29.86,29.81,29.75,10,10,10,0,8,25,0.00,4,,276
2015-7-12,106,95,84,56,40,31,22,17,11,29.92,29.84,29.77,10,10,10,16,6,22,0.00,5,,283
2015-7-13,108,99,89,61,55,46,38,26,14,29.85,29.76,29.65,10,10,10,21,9,26,T,5,,150
2015-7-14,109,99,88,59,55,45,39,27,14,29.78,29.71,29.60,10,10,10,20,8,27,0.00,4,,143
2015-7-15,106,97,87,59,56,50,37,28,18,29.84,29.75,29.67,10,10,10,20,9,27,0.00,3,,184
2015-7-16,107,97,87,59,52,46,37,25,13,29.85,29.76,29.67,10,10,10,21,7,27,0.00,2,,203
2015-7-17,104,92,80,68,61,57,55,39,23,29.87,29.78,29.68,10,10,5,28,9,33,0.15,5,Rain-Thunderstorm,159
2015-7-18,100,88,76,73,65,60,61,45,29,30.03,29.88,29.79,10,9,3,24,8,28,0.18,6,Rain-Thunderstorm,152
2015-7-19,97,87,77,70,65,61,76,53,30,30.01,29.94,29.87,10,10,10,17,7,19,0.00,5,,214
2015-7-20,102,93,84,65,61,56,51,38,25,29.93,29.85,29.75,10,10,10,16,6,25,0.00,3,,245
2015-7-21,106,96,85,63,57,49,45,31,16,29.79,29.73,29.63,10,10,10,18,7,24,0.00,1,,262
2015-7-22,107,97,86,54,45,40,30,21,11,29.79,29.73,29.65,10,10,10,21,7,24,0.00,2,,290
2015-7-23,105,95,84,64,47,35,38,26,14,29.90,29.84,29.78,10,10,10,20,5,26,0.00,4,,130
2015-7-24,104,96,87,65,58,48,46,32,17,29.97,29.88,29.80,10,10,10,16,7,22,0.00,5,,262
2015-7-25,109,99,88,51,38,25,27,16,5,29.88,29.78,29.69,10,10,10,20,8,24,0.00,3,,280
2015-7-26,108,97,86,49,38,30,24,16,7,29.80,29.71,29.65,10,10,10,18,9,25,0.00,6,,253
2015-7-27,106,96,86,57,53,50,34,26,17,29.79,29.72,29.64,10,10,10,20,8,25,0.00,2,,278
2015-7-28,106,97,88,63,57,51,41,29,17,29.84,29.76,29.68,10,10,4,31,8,46,0.00,5,,254
2015-7-29,100,94,87,63,61,59,43,35,27,29.93,29.87,29.80,10,10,10,28,9,33,0.00,6,,128
2015-7-30,106,96,85,64,59,53,51,35,19,29.96,29.88,29.78,10,10,10,17,7,19,0.00,5,,85
2015-7-31,110,94,78,73,65,56,79,49,18,29.97,29.88,29.78,10,9,1,29,9,36,0.72,7,Rain-Thunderstorm,206
2015-8-1,103,92,80,72,65,56,74,48,21,29.88,29.79,29.68,10,10,10,12,5,15,0.00,5,,251
2015-8-2,108,97,86,66,57,45,51,32,13,29.79,29.71,29.62,10,10,10,21,8,28,0.00,1,,203
2015-8-3,110,99,87,58,51,40,36,24,11,29.80,29.72,29.65,10,10,10,20,7,23,0.00,1,,270
2015-8-4,111,100,88,54,47,38,29,19,9,29.81,29.75,29.69,10,10,10,16,7,25,0.00,1,,260
2015-8-5,112,101,89,55,47,37,26,18,9,29.84,29.76,29.68,10,10,10,18,7,28,0.00,2,,274
2015-8-6,106,99,92,65,58,48,41,28,15,29.92,29.75,29.65,10,10,10,16,6,20,0.00,5,,151
2015-8-7,107,93,79,73,65,57,70,46,21,29.82,29.73,29.65,10,10,2,24,9,32,0.37,5,Rain-Thunderstorm,125
2015-8-8,102,91,80,71,65,58,74,49,24,29.84,29.77,29.69,10,10,10,14,5,18,0.00,3,,146
2015-8-9,107,97,86,68,60,51,53,36,18,29.84,29.78,29.68,10,9,2,25,7,34,T,3,Rain-Thunderstorm,133
2015-8-10,105,96,87,64,60,56,46,33,20,29.86,29.77,29.66,10,10,10,20,6,24,0.00,6,,150
2015-8-11,97,87,76,71,65,56,51,38,25,29.96,29.83,29.74,10,9,2,39,8,51,0.22,6,Rain-Thunderstorm,104
2015-8-12,108,94,80,69,62,54,69,44,18,29.93,29.86,29.78,10,10,10,22,6,27,0.00,5,,216
2015-8-13,114,102,89,65,56,45,44,27,10,29.88,29.80,29.71,10,10,10,14,6,17,0.00,4,,161
2015-8-14,117,105,93,62,55,49,33,23,12,29.84,29.77,29.69,10,10,10,23,7,28,T,4,,143
2015-8-15,115,104,93,60,54,46,33,22,11,29.81,29.74,29.64,10,10,10,14,5,17,0.00,4,,199
2015-8-16,112,103,93,67,59,54,41,29,16,29.84,29.73,29.62,10,10,10,21,9,26,0.00,3,,276
2015-8-17,108,100,91,66,61,56,39,30,20,29.81,29.72,29.63,10,10,10,23,11,27,0.00,1,,279
2015-8-18,107,98,88,59,54,50,37,27,17,29.78,29.71,29.62,10,10,10,18,8,24,0.00,3,,258
2015-8-19,107,97,86,60,53,50,35,26,17,29.79,29.70,29.63,10,10,10,16,7,21,0.00,2,,273
2015-8-20,107,98,88,63,59,51,40,29,18,29.79,29.71,29.63,10,10,10,18,7,24,0.00,1,,261
2015-8-21,107,98,89,67,62,56,44,32,20,29.81,29.73,29.64,10,10,10,18,8,22,0.00,2,,278
2015-8-22,105,97,88,66,61,53,50,35,20,29.84,29.77,29.70,10,10,10,17,8,20,0.00,2,,287
2015-8-23,107,97,87,65,60,54,43,31,18,29.88,29.81,29.73,10,10,10,23,6,30,0.00,2,,123
2015-8-24,108,98,88,64,58,54,44,32,19,29.90,29.81,29.72,10,10,10,18,7,23,0.00,5,,126
2015-8-25,100,92,84,73,66,56,70,48,26,29.91,29.86,29.79,10,10,10,32,8,44,0.05,7,Rain-Thunderstorm,137
2015-8-26,106,95,84,67,61,55,51,36,21,29.95,29.87,29.78,10,10,9,17,7,23,0.00,4,,105
2015-8-27,108,95,82,74,64,55,65,42,18,29.92,29.86,29.78,10,9,3,39,7,52,0.15,4,Rain-Thunderstorm,96
2015-8-28,109,95,81,69,60,49,65,40,15,29.87,29.78,29.68,10,10,10,10,5,14,0.00,3,,94
2015-8-29,111,96,80,70,60,53,57,36,15,29.84,29.76,29.67,10,10,2,32,6,42,0.13,4,Rain-Thunderstorm,134
2015-8-30,108,96,83,69,62,55,65,42,19,29.82,29.74,29.64,10,10,7,26,9,33,T,4,Rain-Thunderstorm,130
2015-8-31,106,92,77,70,63,56,65,42,19,29.93,29.79,29.66,10,9,1,51,9,61,0.37,4,Rain-Thunderstorm,111
2015-9-1,99,89,79,69,63,59,69,49,28,29.93,29.85,29.74,10,10,10,12,5,15,0.00,6,,111
2015-9-2,101,93,84,68,58,48,59,38,17,29.89,29.81,29.73,10,10,10,14,6,26,0.00,6,Thunderstorm,119
2015-9-3,100,89,77,69,60,42,69,42,15,29.82,29.78,29.70,10,10,2,36,9,45,0.02,5,Rain,129
2015-9-4,98,87,76,65,62,58,67,47,27,29.82,29.76,29.70,10,10,10,18,7,23,0.00,4,,145
2015-9-5,95,88,81,67,64,60,62,48,33,29.87,29.81,29.77,10,10,10,17,9,23,0.00,4,,139
2015-9-6,104,94,83,65,60,55,55,38,21,29.88,29.81,29.72,10,10,10,13,5,18,0.00,5,,117
2015-9-7,98,92,85,66,60,56,42,34,25,29.86,29.78,29.72,10,10,10,14,5,18,T,5,Rain,123
2015-9-8,105,95,85,68,58,53,48,34,19,29.83,29.77,29.69,10,10,10,24,7,29,0.00,6,Thunderstorm,184
2015-9-9,96,90,84,66,64,59,55,43,30,29.86,29.80,29.73,10,10,10,20,6,23,0.00,7,,258
2015-9-10,93,87,81,69,64,60,61,49,36,29.88,29.84,29.81,10,10,10,20,8,24,T,7,,186
2015-9-11,102,90,78,66,61,56,67,45,23,29.90,29.83,29.75,10,10,10,16,6,19,0.00,2,,213
2015-9-12,107,95,83,64,58,54,51,35,18,29.89,29.80,29.70,10,10,10,20,6,23,0.00,4,,272
2015-9-13,103,91,78,69,59,51,71,45,18,29.84,29.73,29.60,10,10,6,25,7,34,0.27,5,Rain-Thunderstorm,172
2015-9-14,98,87,76,72,67,59,87,58,29,29.82,29.73,29.63,10,9,2,44,7,57,0.11,4,Rain-Thunderstorm,123
2015-9-15,97,88,79,71,61,52,74,50,25,29.86,29.78,29.73,10,10,10,15,7,19,0.00,2,,201
2015-9-16,98,88,78,62,56,51,54,39,24,29.89,29.82,29.75,10,10,10,16,8,21,0.00,1,,192
2015-9-17,98,87,76,58,54,51,50,36,21,29.85,29.78,29.72,10,10,10,14,5,20,0.00,1,,76
2015-9-18,101,89,77,55,48,38,45,29,12,29.81,29.73,29.67,10,10,10,13,4,19,0.00,3,,209
2015-9-19,103,91,79,58,45,38,34,24,13,29.78,29.72,29.67,10,10,10,18,6,26,0.00,3,,109
2015-9-20,103,93,82,61,57,52,47,33,18,29.85,29.76,29.68,10,10,10,17,7,24,0.00,2,,128
2015-9-21,92,84,76,73,68,62,65,49,32,29.81,29.74,29.68,10,10,9,24,8,30,T,7,Rain,92
2015-9-22,93,84,74,68,65,62,79,60,41,29.91,29.84,29.77,10,9,0,35,7,50,0.41,6,Rain-Thunderstorm,86
2015-9-23,97,85,72,66,60,55,79,52,25,29.91,29.82,29.74,10,10,10,9,3,13,0.00,1,,159
2015-9-24,104,91,77,63,57,50,58,38,17,29.85,29.78,29.71,10,10,10,12,5,15,0.00,0,,120
2015-9-25,103,93,82,61,53,43,43,30,16,29.90,29.82,29.75,10,10,10,18,9,26,0.00,0,,111
2015-9-26,105,94,82,55,52,45,40,28,16,29.85,29.77,29.69,10,10,10,18,7,24,0.00,1,,114
2015-9-27,104,93,81,55,50,47,31,23,15,29.81,29.73,29.67,10,10,10,10,5,15,0.00,2,,113
2015-9-28,104,92,80,56,53,47,39,28,16,29.83,29.75,29.70,10,10,10,13,5,16,0.00,4,,149
2015-9-29,103,91,79,58,53,47,43,29,15,29.83,29.75,29.68,10,10,10,10,5,16,0.00,1,,156
2015-9-30,106,92,78,55,48,39,42,27,11,29.82,29.75,29.69,10,10,10,13,5,17,0.00,2,,107
2015-10-1,106,92,77,49,43,36,32,21,9,29.85,29.77,29.70,10,10,10,16,7,21,0.00,0,,135
2015-10-2,98,87,75,49,43,34,36,24,12,29.78,29.71,29.61,10,10,10,17,7,,0.00,1,,179
2015-10-3,95,83,70,44,37,31,38,25,11,29.61,29.55,29.45,10,10,10,12,5,16,0.00,1,,109
2015-10-4,95,83,70,64,52,39,54,36,17,29.69,29.60,29.51,10,10,10,26,12,34,0.02,4,Rain,167
2015-10-5,89,79,68,61,56,51,60,45,30,29.98,29.82,29.70,10,10,5,24,10,32,0.07,6,Rain-Thunderstorm,245
2015-10-6,80,73,65,62,59,55,81,65,48,30.00,29.96,29.93,10,10,7,28,6,36,0.16,6,Rain-Thunderstorm,359
2015-10-7,83,74,64,61,56,52,87,62,37,30.02,29.95,29.91,10,10,10,13,4,17,0.00,3,,309
2015-10-8,92,79,66,58,54,48,73,48,23,29.96,29.89,29.81,10,10,10,10,4,15,0.00,1,,139
2015-10-9,95,85,74,56,51,47,53,37,20,30.00,29.94,29.88,10,10,10,22,8,27,0.00,2,,103
2015-10-10,95,84,73,57,53,50,46,35,24,30.04,29.96,29.90,10,10,10,14,4,16,0.00,4,,94
2015-10-11,98,86,74,56,53,47,50,34,18,29.97,29.88,29.81,10,10,10,12,5,15,0.00,1,,178
2015-10-12,97,86,75,57,54,50,50,36,22,29.95,29.89,29.84,10,10,10,10,4,19,0.00,4,,186
2015-10-13,98,87,75,57,54,50,50,36,21,30.03,29.94,29.87,10,10,10,13,4,17,0.00,1,,100
2015-10-14,100,88,76,57,53,48,47,33,18,29.95,29.86,29.79,10,10,10,12,4,15,0.00,1,,121
2015-10-15,96,86,76,54,50,44,43,32,20,29.85,29.80,29.77,10,10,10,14,6,17,0.00,4,,121
2015-10-16,97,86,74,65,57,49,69,45,20,29.92,29.84,29.75,10,10,8,31,9,39,0.02,5,Rain,113
2015-10-17,89,81,72,63,58,53,64,48,31,29.92,29.86,29.80,10,10,10,21,9,26,0.02,6,Rain,85
2015-10-18,92,82,71,68,62,55,84,59,34,29.90,29.84,29.77,10,9,2,24,7,30,0.32,6,Rain-Thunderstorm,124
2015-10-19,86,77,68,68,61,53,93,63,32,29.89,29.80,29.73,10,10,10,13,4,16,0.00,4,,141
2015-10-20,81,74,67,63,57,48,68,53,38,29.83,29.75,29.72,10,10,10,38,7,44,T,6,Rain-Thunderstorm,205
2015-10-21,77,71,64,60,53,46,87,62,36,29.88,29.84,29.77,10,10,10,15,6,20,T,5,Rain,140
2015-10-22,79,70,61,55,51,47,78,55,32,29.95,29.89,29.85,10,10,10,9,4,12,0.00,1,,112
2015-10-23,84,74,63,55,52,48,73,51,29,29.93,29.87,29.81,10,10,10,14,4,17,0.00,1,,142
2015-10-24,90,77,64,52,45,38,63,40,16,29.93,29.87,29.82,10,10,10,16,5,19,0.00,1,,98
2015-10-25,88,79,69,52,48,44,47,36,24,29.96,29.89,29.84,10,10,10,14,5,18,0.00,5,,104
2015-10-26,91,79,67,54,49,42,63,42,21,29.91,29.85,29.79,10,10,10,10,4,16,0.00,2,,218
2015-10-27,89,77,65,48,44,35,52,34,16,29.94,29.88,29.84,10,10,10,10,4,14,0.00,4,,145
2015-10-28,87,78,68,48,44,38,49,34,19,29.91,29.82,29.70,10,10,10,12,5,14,0.00,7,,117
2015-10-29,81,73,65,55,49,42,68,47,26,29.73,29.65,29.57,10,10,10,26,9,32,0.06,6,Rain-Thunderstorm,91
2015-10-30,79,70,60,58,47,37,84,54,23,29.85,29.73,29.63,10,10,10,15,5,21,0.04,3,Rain,29
2015-10-31,83,70,57,48,40,32,64,41,17,30.02,29.95,29.86,10,10,10,10,4,13,0.00,0,,123
2015-11-1,85,72,59,45,42,38,57,38,19,30.06,29.97,29.90,10,10,10,10,5,13,0.00,0,,113
2015-11-2,88,75,61,47,42,36,60,39,17,29.90,29.78,29.66,10,10,10,12,7,16,0.00,0,,114
2015-11-3,83,73,63,50,41,33,44,35,26,29.79,29.70,29.64,10,10,10,25,12,30,T,4,Rain,197
2015-11-4,69,62,54,52,45,36,67,50,32,30.02,29.90,29.79,10,10,7,20,8,25,0.04,7,Rain,162
2015-11-5,66,58,50,48,41,34,89,59,29,30.21,30.12,30.02,10,10,10,10,5,13,T,2,,321
2015-11-6,74,61,48,40,35,24,71,44,17,30.13,30.05,29.98,10,10,10,12,5,15,0.00,0,,268
2015-11-7,80,65,50,39,34,29,54,35,16,30.09,30.00,29.93,10,10,10,13,3,17,0.00,0,,246
2015-11-8,83,70,56,43,38,35,46,32,18,29.99,29.92,29.86,10,10,10,12,3,16,0.00,0,,153
2015-11-9,81,69,56,44,38,26,61,38,14,29.96,29.89,29.83,10,10,10,12,5,16,0.00,0,,114
2015-11-10,71,63,55,44,33,23,52,37,21,30.09,29.95,29.88,10,10,10,28,10,36,0.00,3,,222
2015-11-11,69,59,48,33,26,21,46,32,18,30.23,30.15,30.09,10,10,10,10,4,13,0.00,0,,257
2015-11-12,77,62,46,32,23,14,54,32,9,30.12,30.01,29.92,10,10,10,16,3,22,0.00,1,,236
2015-11-13,80,65,50,30,22,16,41,25,9,29.99,29.93,29.87,10,10,10,18,6,24,0.00,1,,296
2015-11-14,78,65,52,31,27,22,41,27,12,29.98,29.92,29.87,10,10,10,9,4,12,0.00,1,,146
2015-11-15,66,62,57,55,44,27,93,61,28,29.94,29.85,29.71,10,9,2,14,6,17,0.17,7,Rain,119
2015-11-16,60,56,51,54,36,26,67,50,33,29.92,29.78,29.68,10,10,6,30,14,37,0.04,4,Rain,266
2015-11-17,63,54,45,37,29,26,65,45,25,30.09,30.03,29.94,10,10,10,14,5,17,0.00,1,,251
2015-11-18,66,56,45,39,34,27,76,50,24,30.05,30.00,29.95,10,10,10,10,4,11,0.00,2,,112
2015-11-19,76,61,46,41,38,34,71,46,21,30.06,29.97,29.88,10,10,10,10,4,12,0.00,0,,241
2015-11-20,79,65,50,42,36,28,61,39,16,29.98,29.93,29.87,10,10,10,9,4,12,0.00,1,,115
2015-11-21,82,66,50,42,30,22,71,41,11,30.05,29.98,29.93,10,10,10,18,8,23,0.00,0,,52
2015-11-22,80,68,55,37,26,19,36,25,13,30.03,29.96,29.89,10,10,10,18,7,24,0.00,0,,78
2015-11-23,81,68,54,39,32,27,47,31,15,29.96,29.90,29.85,10,10,10,14,3,17,0.00,1,,129
2015-11-24,79,66,53,37,35,30,54,36,17,29.98,29.88,29.78,10,10,10,13,6,14,0.00,1,,113
2015-11-25,72,65,57,42,34,28,43,35,26,29.82,29.75,29.71,10,10,10,15,9,21,0.00,6,,57
2015-11-26,64,57,50,40,33,29,63,45,27,29.95,29.89,29.83,10,10,10,13,4,15,0.00,4,,311
2015-11-27,63,53,42,33,29,25,65,46,26,30.00,29.97,29.94,10,10,10,13,5,18,0.00,0,,53
2015-11-28,63,53,42,30,28,26,62,44,25,30.05,30.01,29.95,10,10,10,12,4,15,0.00,0,,242
2015-11-29,62,52,41,31,26,17,62,42,21,30.11,30.06,30.01,10,10,10,14,4,17,0.00,1,,235
2015-11-30,61,50,39,27,22,15,59,38,17,30.18,30.10,30.05,10,10,10,8,3,16,0.00,2,,207
2015-12-1,65,52,38,28,22,18,53,35,16,30.14,30.09,30.03,10,10,10,9,3,11,0.00,0,,158
2015-12-2,71,55,38,27,19,9,54,32,9,30.21,30.14,30.08,10,10,10,8,3,12,0.00,1,,117
2015-12-3,77,60,42,24,18,10,45,27,8,30.14,30.07,29.99,10,10,10,8,3,10,0.00,3,,104
2015-12-4,73,60,47,30,23,18,39,27,14,30.10,30.04,29.99,10,10,10,10,4,11,0.00,5,,121
2015-12-5,75,61,46,30,22,15,49,30,11,30.28,30.21,30.10,10,10,10,9,4,11,0.00,2,,104
2015-12-6,79,62,44,28,23,16,42,26,10,30.30,30.21,30.12,10,10,10,9,2,11,0.00,4,,119
2015-12-7,79,65,50,32,26,18,45,28,10,30.16,30.09,30.01,10,10,10,15,3,17,0.00,3,,43
2015-12-8,75,62,48,32,27,22,48,31,14,30.12,30.05,29.99,10,10,10,9,4,13,0.00,2,,95
2015-12-9,73,61,49,35,30,26,46,33,19,30.08,30.00,29.94,10,10,8,10,4,11,0.00,4,,99
2015-12-10,78,64,50,36,33,28,54,35,16,29.99,29.89,29.77,10,10,10,12,5,14,0.00,5,,107
2015-12-11,67,61,54,44,36,32,50,42,34,29.74,29.67,29.61,10,10,8,20,6,23,0.03,7,Rain,126
2015-12-12,62,54,46,48,41,34,86,63,39,29.96,29.79,29.66,10,10,10,25,10,29,0.02,5,Rain,165
2015-12-13,61,51,40,41,35,27,93,60,27,30.06,29.98,29.88,10,10,10,10,5,12,0.00,0,,116
2015-12-14,55,49,43,43,36,29,92,67,41,29.85,29.79,29.70,10,9,4,33,8,39,0.16,5,Rain,291
2015-12-15,55,46,37,36,31,24,85,59,32,30.04,29.95,29.84,10,10,10,12,4,15,0.00,1,,154
2015-12-16,56,46,35,32,28,21,82,55,27,30.15,30.09,30.03,10,10,10,10,4,12,0.00,0,,140
2015-12-17,58,47,36,31,28,23,70,48,25,30.27,30.18,30.14,10,10,10,10,3,12,0.00,0,,103
2015-12-18,71,55,38,34,29,23,70,43,16,30.18,30.08,29.98,10,10,10,12,4,15,0.00,0,,101
2015-12-19,66,57,47,32,30,27,54,39,24,30.00,29.94,29.88,10,10,10,10,4,13,0.00,5,,117
2015-12-20,65,55,44,42,36,32,65,50,34,30.12,30.06,29.96,10,10,10,12,5,17,0.00,5,,45
2015-12-21,62,53,43,37,35,31,76,53,30,30.16,30.06,29.94,10,10,10,10,4,18,0.00,5,,113
2015-12-22,57,51,45,45,39,34,71,57,43,29.92,29.80,29.70,10,10,10,17,8,20,0.00,8,,94
2015-12-23,67,60,53,49,48,45,83,68,52,29.72,29.68,29.63,10,10,10,10,5,16,0.00,7,,85
2015-12-24,67,60,52,51,47,44,89,69,48,29.90,29.83,29.73,10,10,10,10,5,16,0.00,6,,72
2015-12-25,61,52,43,45,28,12,86,51,15,29.99,29.90,29.83,10,9,6,17,8,22,0.00,2,,245
2015-12-26,56,47,37,19,12,5,44,28,12,30.10,29.98,29.88,10,10,10,26,13,34,0.00,1,,331
2015-12-27,59,47,35,23,14,9,44,30,15,30.24,30.13,30.06,10,10,10,13,3,16,0.00,0,,248
2015-12-28,59,49,38,30,25,22,59,43,26,30.04,29.87,29.75,10,10,10,12,4,13,0.00,2,,128
2015-12-29,56,49,42,31,28,23,58,45,32,30.14,29.94,29.74,10,10,10,14,5,20,0.00,3,,293
2015-12-30,60,49,37,28,24,19,64,43,21,30.25,30.15,30.07,10,10,10,9,4,14,0.00,0,,131
2015-12-31,62,49,35,26,23,20,64,43,22,30.14,30.06,29.99,10,10,10,10,4,17,0.00,2,,274